"ID","ISDELETED","MASTERRECORDID","NAME","TYPE","PARENTID","BILLINGSTREET","BILLINGCITY","BILLINGSTATE","BILLINGPOSTALCODE","BILLINGCOUNTRY","BILLINGLATITUDE","BILLINGLONGITUDE","BILLINGGEOCODEACCURACY","BILLINGADDRESS","SHIPPINGSTREET","SHIPPINGCITY","SHIPPINGSTATE","SHIPPINGPOSTALCODE","SHIPPINGCOUNTRY","SHIPPINGLATITUDE","SHIPPINGLONGITUDE","SHIPPINGGEOCODEACCURACY","SHIPPINGADDRESS","PHONE","FAX","ACCOUNTNUMBER","WEBSITE","PHOTOURL","SIC","INDUSTRY","ANNUALREVENUE","NUMBEROFEMPLOYEES","OWNERSHIP","TICKERSYMBOL","DESCRIPTION","RATING","SITE","OWNERID","CREATEDDATE","CREATEDBYID","LASTMODIFIEDDATE","LASTMODIFIEDBYID","SYSTEMMODSTAMP","LASTACTIVITYDATE","LASTVIEWEDDATE","LASTREFERENCEDDATE","ISPARTNER","ISCUSTOMERPORTAL","JIGSAW","JIGSAWCOMPANYID","CLEANSTATUS","ACCOUNTSOURCE","DUNSNUMBER","TRADESTYLE","NAICSCODE","NAICSDESC","YEARSTARTED","SICDESC","DANDBCOMPANYID","CUSTOMERPRIORITY__C","SLA__C","ACTIVE__C","NUMBEROFLOCATIONS__C","UPSELLOPPORTUNITY__C","SLASERIALNUMBER__C","SLAEXPIRATIONDATE__C","SBQQ__ASSETQUANTITIESCOMBINED__C","SBQQ__COTERMEDCONTRACTSCOMBINED__C","SBQQ__COTERMINATIONEVENT__C","SBQQ__CONTRACTCOTERMINATION__C","SBQQ__DEFAULTOPPORTUNITY__C","SBQQ__IGNOREPARENTCONTRACTEDPRICES__C","SBQQ__PRESERVEBUNDLE__C","SBQQ__PRICEHOLDEND__C","SBQQ__RENEWALMODEL__C","SBQQ__RENEWALPRICINGMETHOD__C"
"0017F00000LQkxbQAD","false","","Test 1","","","","","","","","","","","","","","","","","","","","","1234","","","a1@b.com","/services/images/photo/0017F00000LQkxbQAD","","","","","","","","","","0057F000000c3KoQAI","2017-12-04T03:47:23.000Z","0057F000000c3KoQAI","2017-12-04T03:47:23.000Z","0057F000000c3KoQAI","2017-12-04T03:47:23.000Z","","","","false","false","","","Pending","","","","","","","","","","","","","","","","false","false","","Never","","false","true","","Contract Based","Same"
"0017F00000LQkxcQAD","false","","Test 2","","","","","","","","","","","","","","","","","","","","","1234","","","a1@b.com","/services/images/photo/0017F00000LQkxcQAD","","","","","","","","","","0057F000000c3KoQAI","2017-12-04T03:47:23.000Z","0057F000000c3KoQAI","2017-12-04T03:47:23.000Z","0057F000000c3KoQAI","2017-12-04T03:47:23.000Z","","","","false","false","","","Pending","","","","","","","","","","","","","","","","false","false","","Never","","false","true","","Contract Based","Same"
"0017F00000LQkxdQAD","false","","Test 3","","","","","","","","","","","","","","","","","","","","","1234","","","a1@b.com","/services/images/photo/0017F00000LQkxdQAD","","","","","","","","","","0057F000000c3KoQAI","2017-12-04T03:47:23.000Z","0057F000000c3KoQAI","2017-12-04T03:47:23.000Z","0057F000000c3KoQAI","2017-12-04T03:47:23.000Z","","","","false","false","","","Pending","","","","","","","","","","","","","","","","false","false","","Never","","false","true","","Contract Based","Same"
"0017F00000LQkxeQAD","false","","Test 4","","","","","","","","","","","","","","","","","","","","","1234","","","a1@b.com","/services/images/photo/0017F00000LQkxeQAD","","","","","","","","","","0057F000000c3KoQAI","2017-12-04T03:47:23.000Z","0057F000000c3KoQAI","2017-12-04T03:47:23.000Z","0057F000000c3KoQAI","2017-12-04T03:47:23.000Z","","","","false","false","","","Pending","","","","","","","","","","","","","","","","false","false","","Never","","false","true","","Contract Based","Same"
"0017F00000LQkxfQAD","false","","Test 5","","","","","","","","","","","","","","","","","","","","","1234","","","a1@b.com","/services/images/photo/0017F00000LQkxfQAD","","","","","","","","","","0057F000000c3KoQAI","2017-12-04T03:47:23.000Z","0057F000000c3KoQAI","2017-12-04T03:47:23.000Z","0057F000000c3KoQAI","2017-12-04T03:47:23.000Z","","","","false","false","","","Pending","","","","","","","","","","","","","","","","false","false","","Never","","false","true","","Contract Based","Same"
"0017F00000LQkxgQAD","false","","Test 6","","","","","","","","","","","","","","","","","","","","","1234","","","a1@b.com","/services/images/photo/0017F00000LQkxgQAD","","","","","","","","","","0057F000000c3KoQAI","2017-12-04T03:47:23.000Z","0057F000000c3KoQAI","2017-12-04T03:47:23.000Z","0057F000000c3KoQAI","2017-12-04T03:47:23.000Z","","","","false","false","","","Pending","","","","","","","","","","","","","","","","false","false","","Never","","false","true","","Contract Based","Same"
"0017F00000JA1H6QAL","false","","Test Account 02","","","","","","","","","","","","","","","","","","","","","","","","","/services/images/photo/0017F00000JA1H6QAL","","","","","","","","","","0057F000000c3KoQAI","2017-11-14T14:09:53.000Z","0057F000000c3KoQAI","2017-11-27T08:37:50.000Z","0057F000000c3KoQAI","2017-11-29T08:48:22.000Z","","2017-11-27T07:27:27.000Z","2017-11-27T07:27:27.000Z","false","false","","","Pending","","","","","","","","","","","","","","","","false","false","","Never","","false","true","","Contract Based","Same"
"0017F00000JA1H7QAL","false","","Test Account 03","","","","","","","","","","","","","","","","","","","","","","","","","/services/images/photo/0017F00000JA1H7QAL","","","","","","","","","","0057F000000c3KoQAI","2017-11-14T14:09:53.000Z","0057F000000c3KoQAI","2017-11-27T08:37:50.000Z","0057F000000c3KoQAI","2017-11-27T08:37:50.000Z","","","","false","false","","","Pending","","","","","","","","","","","","","","","","false","false","","Never","","false","true","","Contract Based","Same"
"0017F00000J8Ob5QAF","false","","Test Acc 001","","","","","","","","","","","","","","","","","","","","","","","","","/services/images/photo/0017F00000J8Ob5QAF","","","","","","","","","","0057F000000c3KoQAI","2017-11-01T07:06:11.000Z","0057F000000c3KoQAI","2017-11-27T08:37:50.000Z","0057F000000c3KoQAI","2017-11-27T08:37:50.000Z","","2017-11-27T08:39:48.000Z","2017-11-27T08:39:48.000Z","true","true","","","Pending","","","","","","","","","","","","","","","","false","false","","Never","","false","false","","","Same"
"0017F00000LPSzWQAX","false","","Test Acc 08","","","","","","","","","","","","","","","","","","","","","","","","","/services/images/photo/0017F00000LPSzWQAX","","","","","","","","","","0057F000000c3KoQAI","2017-11-27T07:36:32.000Z","0057F000000c3KoQAI","2017-11-27T08:37:50.000Z","0057F000000c3KoQAI","2017-11-29T08:48:22.000Z","","2017-11-27T07:36:49.000Z","2017-11-27T07:36:49.000Z","false","false","","","Pending","","","","","","","","","","","","","","","","false","false","","Never","","false","true","","Contract Based","Same"
"0017F00000LPSzXQAX","false","","Test Acc 09","","","","","","","","","","","","","","","","","","","","","","","","","/services/images/photo/0017F00000LPSzXQAX","","","","","","","","","","0057F000000c3KoQAI","2017-11-27T07:36:32.000Z","0057F000000c3KoQAI","2017-11-27T08:37:50.000Z","0057F000000c3KoQAI","2017-11-27T08:37:50.000Z","","","","false","false","","","Pending","","","","","","","","","","","","","","","","false","false","","Never","","false","true","","Contract Based","Same"
"0017F00000LPSzYQAX","false","","Test Acc 10","","","","","","","","","","","","","","","","","","","","","","","","","/services/images/photo/0017F00000LPSzYQAX","","","","","","","","","","0057F000000c3KoQAI","2017-11-27T07:36:32.000Z","0057F000000c3KoQAI","2017-11-27T08:37:50.000Z","0057F000000c3KoQAI","2017-11-27T08:37:50.000Z","","","","false","false","","","Pending","","","","","","","","","","","","","","","","false","false","","Never","","false","true","","Contract Based","Same"
"0017F00000LPSy4QAH","false","","Test Acc 04","","","","","","","","","","","","","","","","","","","","","","","","test1@tes.com","/services/images/photo/0017F00000LPSy4QAH","","","","","","","","","","0057F000000c3KoQAI","2017-11-27T07:30:32.000Z","0057F000000c3KoQAI","2017-11-27T08:37:50.000Z","0057F000000c3KoQAI","2017-11-27T08:37:50.000Z","","","","false","false","","","Pending","","","","","","","","","","","","","","","","false","false","","Never","","false","true","","Contract Based","Same"
"0017F00000LPSy5QAH","false","","Test Acc 05","","","","","","","","","","","","","","","","","","","","","","","","test1@tes.com","/services/images/photo/0017F00000LPSy5QAH","","","","","","","","","","0057F000000c3KoQAI","2017-11-27T07:30:32.000Z","0057F000000c3KoQAI","2017-11-27T08:37:50.000Z","0057F000000c3KoQAI","2017-11-29T08:48:22.000Z","","2017-11-27T07:36:39.000Z","2017-11-27T07:36:39.000Z","false","false","","","Pending","","","","","","","","","","","","","","","","false","false","","Never","","false","true","","Contract Based","Same"
"0017F00000LPSy6QAH","false","","Test Acc 06","","","","","","","","","","","","","","","","","","","","","","","","test1@tes.com","/services/images/photo/0017F00000LPSy6QAH","","","","","","","","","","0057F000000c3KoQAI","2017-11-27T07:30:32.000Z","0057F000000c3KoQAI","2017-11-27T08:37:50.000Z","0057F000000c3KoQAI","2017-11-29T08:48:22.000Z","","2017-11-27T07:33:32.000Z","2017-11-27T07:33:32.000Z","false","false","","","Pending","","","","","","","","","","","","","","","","false","false","","Never","","false","true","","Contract Based","Same"
"0017F00000LPSy7QAH","false","","Test Acc 07","","","","","","","","","","","","","","","","","","","","","","","","test1@tes.com","/services/images/photo/0017F00000LPSy7QAH","","","","","","","","","","0057F000000c3KoQAI","2017-11-27T07:30:32.000Z","0057F000000c3KoQAI","2017-11-27T08:37:50.000Z","0057F000000c3KoQAI","2017-11-27T08:37:50.000Z","","","","false","false","","","Pending","","","","","","","","","","","","","","","","false","false","","Never","","false","true","","Contract Based","Same"
"0017F00000LPTF7QAP","false","","Test Acc 018","","","","","","","","","","","","","","","","","","","","","","","","test3@test.com","/services/images/photo/0017F00000LPTF7QAP","","","","","","","","","","0057F000000c3KoQAI","2017-11-27T08:37:50.000Z","0057F000000c3KoQAI","2017-11-27T08:37:50.000Z","0057F000000c3KoQAI","2017-11-27T09:00:48.000Z","","","","false","false","","","Pending","","","","","","","","","","","","","","","","false","false","","Never","","false","true","","Contract Based","Same"
"0017F00000LPTDIQA5","false","","Test Acc 011","","","","","","","","","","","","","","","","","","","","","","","","test2@test.com","/services/images/photo/0017F00000LPTDIQA5","","","","","","","","","","0057F000000c3KoQAI","2017-11-27T08:26:49.000Z","0057F000000c3KoQAI","2017-11-27T08:37:50.000Z","0057F000000c3KoQAI","2017-11-29T08:48:22.000Z","","2017-11-27T08:38:12.000Z","2017-11-27T08:38:12.000Z","false","false","","","Pending","","","","","","","","","","","","","","","","false","false","","Never","","false","true","","Contract Based","Same"
"0017F00000LPTDJQA5","false","","Test Acc 012","","","","","","","","","","","","","","","","","","","","","","","","test2@test.com","/services/images/photo/0017F00000LPTDJQA5","","","","","","","","","","0057F000000c3KoQAI","2017-11-27T08:26:49.000Z","0057F000000c3KoQAI","2017-11-27T08:37:50.000Z","0057F000000c3KoQAI","2017-11-29T08:48:22.000Z","","2017-11-27T08:38:13.000Z","2017-11-27T08:38:13.000Z","false","false","","","Pending","","","","","","","","","","","","","","","","false","false","","Never","","false","true","","Contract Based","Same"
"0017F00000LPTDKQA5","false","","Test Acc 013","","","","","","","","","","","","","","","","","","","","","","","","test2@test.com","/services/images/photo/0017F00000LPTDKQA5","","","","","","","","","","0057F000000c3KoQAI","2017-11-27T08:26:49.000Z","0057F000000c3KoQAI","2017-11-27T08:37:50.000Z","0057F000000c3KoQAI","2017-11-27T09:00:48.000Z","","","","false","false","","","Pending","","","","","","","","","","","","","","","","false","false","","Never","","false","true","","Contract Based","Same"
"0017F00000LPTDLQA5","false","","Test Acc 014","","","","","","","","","","","","","","","","","","","","","","","","test2@test.com","/services/images/photo/0017F00000LPTDLQA5","","","","","","","","","","0057F000000c3KoQAI","2017-11-27T08:26:49.000Z","0057F000000c3KoQAI","2017-11-27T08:37:50.000Z","0057F000000c3KoQAI","2017-11-27T09:00:48.000Z","","","","false","false","","","Pending","","","","","","","","","","","","","","","","false","false","","Never","","false","true","","Contract Based","Same"
"0017F00000LPTDMQA5","false","","Test Acc 015","","","","","","","","","","","","","","","","","","","","","","","","test3@test.com","/services/images/photo/0017F00000LPTDMQA5","","","","","","","","","","0057F000000c3KoQAI","2017-11-27T08:26:49.000Z","0057F000000c3KoQAI","2017-11-27T08:37:50.000Z","0057F000000c3KoQAI","2017-11-29T08:48:22.000Z","","2017-11-27T08:38:22.000Z","2017-11-27T08:38:22.000Z","false","false","","","Pending","","","","","","","","","","","","","","","","false","false","","Never","","false","true","","Contract Based","Same"
"0017F00000LPTDNQA5","false","","Test Acc 016","","","","","","","","","","","","","","","","","","","","","","","","test3@test.com","/services/images/photo/0017F00000LPTDNQA5","","","","","","","","","","0057F000000c3KoQAI","2017-11-27T08:26:49.000Z","0057F000000c3KoQAI","2017-11-27T08:37:50.000Z","0057F000000c3KoQAI","2017-11-29T08:48:22.000Z","","2017-11-27T08:38:23.000Z","2017-11-27T08:38:23.000Z","false","false","","","Pending","","","","","","","","","","","","","","","","false","false","","Never","","false","true","","Contract Based","Same"
"0017F00000LPTDOQA5","false","","Test Acc 017","","","","","","","","","","","","","","","","","","","","","","","","test3@test.com","/services/images/photo/0017F00000LPTDOQA5","","","","","","","","","","0057F000000c3KoQAI","2017-11-27T08:26:49.000Z","0057F000000c3KoQAI","2017-11-27T08:37:50.000Z","0057F000000c3KoQAI","2017-11-27T09:00:48.000Z","","","","false","false","","","Pending","","","","","","","","","","","","","","","","false","false","","Never","","false","true","","Contract Based","Same"
